feature,mean_importance
feature_4,0.0014676335774915783
feature_9,0.002943410699251081
feature_5,0.003113717655430537
feature_1,0.003190513158402597
feature_2,0.0066093322806310304
feature_3,0.007761266379059229
feature_7,0.00927216725793012
feature_8,0.06728818379140586
feature_6,0.11675893077575679
