feature,mean_importance
feature_7,-5.9069990368243455e-05
feature_2,4.70130365857413e-05
feature_4,5.731053648383444e-05
feature_1,7.017360307552956e-05
feature_9,0.00010822030978578923
feature_3,0.00041293629386225384
feature_5,0.0009281790790411249
feature_6,0.02731592881199003
feature_8,0.066325532938544
