feature,shap_importance
feature_8,0.1052742611413072
feature_6,0.0775861291935305
feature_3,0.0070520257802489964
feature_2,0.0018182770197145294
feature_5,0.0016811053631533793
feature_7,0.001589065946583575
feature_1,0.0005848517253599457
feature_4,0.0004457382721180866
