feature,mean_importance
feature_1,0.0
feature_2,0.0
feature_4,0.0
feature_5,0.0
feature_7,0.0
feature_9,0.0
feature_3,0.0011439557426741187
feature_6,0.029705014180440203
feature_8,0.06094353067518905
