feature,shap_importance
feature_8,0.10533732783082402
feature_6,0.09485675712768186
feature_3,0.0030693005918273103
feature_1,0.0
feature_2,0.0
feature_4,0.0
feature_5,0.0
feature_7,0.0
feature_9,0.0
