feature,shap_importance
feature_8,0.48379433
feature_6,0.36470467
feature_7,0.07041556
feature_3,0.0686573
feature_2,0.06574812
feature_5,0.058730144
feature_1,0.05767855
feature_4,0.0063276123
