feature,mean_importance
feature_4,-0.00035458178701721634
feature_3,1.9556323072911218e-05
feature_5,0.0016006750892522126
feature_1,0.0017062649852406463
feature_7,0.0028385914488323616
feature_2,0.004205784123377909
feature_6,0.037371052050465356
feature_8,0.0661896987419354
